username,country
0xf3f,
1333481,
245123,
306026185,
3234374354,China
4O4NtFd,
5hiftly,
5kat3R,
5quirrel,
92Xiaowang,
9turnbull,
A-n-k-a,
ABAJNOK,
AFreiling,
AFumi39,
ATLAS-IND-Software,
ATechAdventurer,United States
Acid-base,
Actpohomoc,Ukraine
Aersaud,United States
Ag4m3mN0n,
Ahmed-farag36,
Ainndy,
AirenMerkel,
Ak1Sun,
Akron,Germany
AlanGreene,Ireland
AlanWang2333,
Alby247,
AlecRust,United Kingdom
Aledan862,
AlexCherrypi,
Alexisbut,
Amano13,New Zealand
AmosGeorge,
AndrewDarlington,United States
AndyZaa,
Andyz0x,Brazil
AnshulJ999,
Antexa,
AnthonyBe,Australia
Antjrobles,
Arbel-arad,Israel
Areppa,
Arrgh106,Germany
Art-Ev,France
Asahi21,
AshleyJackson,
Asuse420,United States
Atarinside,
AtomikWiWa,Spain
AudunVN,Norway
Augar,Austria
AxelROGET,France
BIRDIE13,
BZK44,Australia
Badn1nja,
BasPost,
Bassel1984,
BeachyHeadCode,United States
BenCos17,Ireland
BennyRe,Germany
BenoitAnastay,France
Berkajerk,
BigThunderSR,
BigTwoFly,
Bigdaddy1990,
Bill-Dung,Germany
Bobdugrand8,France
Boilerplate4u,
BoorZuur,Netherlands
Borales,Netherlands
Bork017,
BramDiepenbrock,
BuildTheRobots,
BunpGhost,
Caes78,
Calzor-Suzay,
CanberraTinkerer,
Cappuccilo,
CarsonF,United States
ChaosFile,Germany
CharlieBailly,
Cheesebaron,Denmark
ChemicalNRG,
ChrisRocksOK,
Chrissi2812,Germany
ChristoffBo,
ChristophHoltmann,
Chronocento,Italy
Codel1417,United States
Conchar,United States
ConsultorML,Argentina
ContextPerspective,
Coollhpp,
Corvisier,Portugal
CosticaPuntaru,
CreeperFace00,United States
Cricx,
CrispyPyro,
D3F0NC3UR,
DARKNAGAN,France
DDanii,
DMurzNN,
DUC750,
DaFlowah,
DaJonas94,
Daixler,
Daneish,
DasFlogetier,
Dasnap,
Davespire,
DavidBrockmeier,United States
DawnDevelop,
DeRossoMarco,
Deanwhu7,
Deepo,
DeltaAngle,
DenisKevljanin,
DennisKae,Germany
Depechie,Belgium
DerFelixPlayer2,Austria
DerRemo,
Devinyl,
DiGierre,Netherlands
DieterTHeck,
DirkTas67,Belgium
DjordjeMandic,Serbia
Dodoooh,
Dods,
DougBarry,United Kingdom
DragonRi,
Driikx,France
Dudgemo,
Dunkelschunkel,Germany
Dyklan62,France
E-NINA,
EXGAR,
EagleStClair,
Ealenn,
Edrack,
Ehliman,
EinsEins11,
Eivind99,
ElVit,Germany
Emeraldstarr,
Emielle,
EnderDragonEP,"Taiwan, Province of China"
Enterichi,
EntraptaJ,
EpicLPer,Austria
EricCorleone,
Erreur32,
Errox,Netherlands
EthanVCS,United Kingdom
EtienneMD,
Evel270,
Everestlion,
EvertJob,
Extrunder,
F0264,
F4bsi,Germany
Fabaderheld,Austria
Fabeuss,France
Fabian-Eigenherd,Germany
Faithfinder,Canada
FallsSteven,
Felitendo,
Flipsoo,
FloppiTuna,United States
Flydiverny,Sweden
FrisianOnline,
Fruckiwacki,
GabZzZz,France
Gadzilych,
Gajalshankar,
Gangol,
GaryOG,
Germaenace,
Getrio,Italy
GiacoAV,
Giga77,
GleDel,
GpsM2,
Grace-coder311,
GrandMoff100,
Graymattor,
GregoryMachin,
Grey-Lancaster,United States
GriYanc,
GroPO81,
Gromina,
GrumpyMeow,
Guddie01,
GuiltyFox,Japan
Gulz21,
HACS-bank,United Kingdom
HASSPROJ,
HDStremmie,Netherlands
Hackashaq666,
Hakari-R,
HammyHavoc,United Kingdom
Hankanman,United Kingdom
Happytodd,
Headkillah,
Hector47,
Herculezz55,
HerrBeef,Austria
HeyITGuyFixIt,United States
Hiekkan,
Holger-H,
Hqliang95,
HummelsTech,Netherlands
HunterDG,
HydrelioxGitHub,
IKCN,
IMWNIIP,
IOxee,
IceBotYT,
IlyaPavlik,
InfiniteBears,
IonutNeagu,Romania
IslamIhab,
J-nothing-J,
JANogueira,
JHN83,
JSoko,Germany
Jabbo16,Spain
Jaber7,
JackTyson,United Kingdom
JackoKic,
Jak12-3,
Jango024,
JasonLoveCode,
Jasonjie1991,
JefNewTech,Belgium
Jefe2,United States
Jeroendeeerste,
JesperDonnis,
JesusSanchezLopez,
JiaWeiXie,"Taiwan, Province of China"
JladanZA,
JoaoGeniselli,Brazil
JochenZhou,China
Johndrmg,
JonnyMcBanjo,United States
JordyThery,Belgium
Joriex,
JosephBlock,United States
Julian1701,
JulienFloris,Netherlands
JuraLadanov,
K0stIa,
KairuByte,
KampfGurkex,Germany
Karen-Oren,
Karolbr95,Poland
Keiran90,
KenKilty,
KennyStier,United States
Kensingtonn,
KerstenAlheit,
KevinKTM,
Kgym-Hina,China
KielChallen,
KilluaFein,
Kilmanagh,
Kingside,United States
Kipp-ie,Netherlands
KlaraJa,Germany
KlfJoat,
Kotzende,
KptnKMan,Netherlands
KuchenKavalier,
KuerbisK,
Kvasenok,
KyleGolfer,
L0rdShrek,Germany
L1nKinc,Germany
LaLaBer,
Laav,
Lachemoitumsoule,
Lancenas,
LaneaLucy,
Lars6503,
LazyTarget,Sweden
Lee-View,
Legendarycentaur,
Lemonade455,
Leoin1,
Leolion2023,
LifeofDan-EL,Nigeria
Lizzardis,
LoginByCall,
LonelySoul7X,
Luca2165801154,
LuckyTriple7,
Lukas0120,
LukasGail,Germany
LunyaaDev,
Lupla,
M123-dev,Germany
M3te0r,France
M4gier1337,
M4unz1,Germany
MB901,
MMod160,
MNDani,
MYLE-01,New Zealand
MaBeniu,
MachinaDev,
Madelena,United States
MagicMau,
Maltzur,United States
MarcoL1983,
Mark79864,
MarkyD12345,
Marquo1,Netherlands
Maschinenherz,
Masked-Kunsiquat,
MathieuG61,
Matteo86ITA,
MatthewFlamm,
Mav-the-Gthring,
MaxWinterstein,Germany
Mediacj,Netherlands
MegaTheLEGEND,
MelleD,
MickLesk,Germany
MiguelJPen,
MikeHebner,
MikeVol,
Mikefila,
Milenco,
MilesAheadToo,Portugal
Miraculix666,
MirekJina,
MiroVerleysen,
Mis1ify,
Mofx-01,
Mokdeze,
MondoGao,United States
Moosh-be,Belgium
MrAct1on,
MrCraigen,
MrHacky,
Mrdrexl,
MzLiv,United Kingdom
NCoiby,
NODeeJay,Czechia
Nagi30001,
NastroukaPro,
NathanBland,United States
Nazim-ua,Ukraine
Necrosaurus,
NeoTr0nic,
Nephilim84,
NextDoorParaoh,
Ni3kjm,
NiNiyas,
NicholasMantovani,Italy
Nico31240,
NikolaInvernizzi,
Nils3311,Germany
NintendoTito,
NoFace3D,
Noob25930,
NuclearTruck,
Omega7572,
Omni-Engineering,
OnkelKiwi,
Oraind,
OsipovOV,
Ozzoman30,
P4uLT,France
Panagiotis-Zachos,Greece
Parahassio,
PascalLuginbuehl,Switzerland
Patpeezy,United States
PatrickGlesner,Belgium
Pau1ey,
Paul-Vdp,
PaulStaal,
Pavlinchen,Germany
PazkaL,Netherlands
PePeLLee,
PhiSchBerlin,Germany
PhoenixR49,France
PhoenixTwoFive,Germany
PietroSpina,
PiotrKrzyzek,United States
PiratesGhost,
Plop,
Potato501,
Pratheeplt,
PratikVParab,
Pro-Control,
ProblemFactory,
ProxiBlue,Australia
Psytoshgen,
PuffShr1k3,South Africa
Pulpyyyy,
PutoPunko,
QMaxPowerQ,
R3yn4ld,
RHufschmidt,
RafhaanShah,United Kingdom
Ralphy140,
RandomUsernameThatIsNotYetTaken,Belgium
RaneyDazed,United States
Raw2x2,
RdN-J,
RealJustMe,
Reiqu,Germany
RemcoSchrijver,Netherlands
Rene2302,
RescueWolf-Dreamwalker,
RhaaKaye,
RicLund,Canada
Richyread,
Rimpla,
Robbot,Ireland
RobertZwets,
RolfKoenders,Netherlands
RollingMyDice,
Romain7495,France
RooomKL,
Rosemajor,
Rosscoer,
Roth-Development,
RouNNdeL,Poland
RubenKelevra,Germany
Rudi-Schmudi,
RudyDevroey,
Ryan68,
RymenTe,
SALIMKHALID1,
SDenysS,
SERG9233,
SKOOBdaNOOB,United States
SSMITH-GITHUB,
Saik0s,Netherlands
SalemHarrache,
Salsgiva,United States
SandaleZ,
Sandalots,
Schnop,
Schroedi,
Schuey88,
Schw1,
Scorpoon,Austria
Sea-Wolfe,
Seafo,
SeanChengN,China
SebAug89,
Seklier,
Selwyk,Spain
Senpa,Italy
SeriousM,Austria
Seshpenguin,Canada
Shadoweee77,
ShauneBoy,
Shurik85,
SieGoz,
SijanC147,Malta
Silent-Bob-NL,Netherlands
SilvioMessi,Italy
SimonLuckenuik,Canada
Simpuar,
SirJohnDoe,
SirUli,
SiriosDev,Italy
SirkoVZ,Germany
Slacktide,
Slin-nilS,Germany
SloppolS,
SmRzT,
SmartLiving-Rocks,Denmark
Snuupy,
SomeoneSinister,
SpanishST,
Sparky1492,
Sprokkie22,
Stainy3244,
Stalitsa,United Kingdom
StarterKid92,
Stenvh,
SteveEdson,United Kingdom
StijnGit21,Netherlands
Stooovie,
StopfMich,Germany
Stormrage-DJ,
Sts0mrg0,
Sukram69,Germany
SullyP,France
SuperGabriel,
SuperITMan,Belgium
Svieg,Canada
T-I-M-O-T,
THENEXTBIGTIME,
TarrX,Germany
Tchoupinax,
Teberon,Poland
TechCrazi,
TechSaiyajin,Germany
TechnaHD,
TermoZour,Romania
Test-subj,
Tetsuya1337,
TheArchGriffin,South Africa
TheDiverM,Norway
TheDraxes,
TheRealFalseReality,
TheSpaceGod,
Theswedishgold,
Thib1404,
Thullalong69,Germany
Tifeko,
TiiMMY2CHAiiNZ,
TimInTech,Germany
Tohtli,
TomCasavant,
TopsideWings,
Torf,
TwinkleTrick,
Tycorc,
TylerGlorie,
UlrichThiess,
Umbex79,
Umut766,
UnclePhil,Belgium
UnderclassAmigo,
Unknown5436,
UplandJacob,United States
VadimOmsk,
VfBfoerst,
ViPeR5000,Portugal
ViorelMocanu,Romania
Vladislaf70,
W3Max,Canada
WanterCry,
WarC0zes,France
Weatherwulf,
Westwall98,
Wheemer,
WhiteStar360,
WhoAmI-ffff,
WhoTheHeck,
WildEchoWanderer,
Wiscious,United Kingdom
WouterVanGoey,Belgium
Wuest3nFuchs,Italy
WvanWaas,
X1pheR,Netherlands
Xfox0ne,Austria
XneddyX,
Yax,Poland
YoYoost,
YoshiiPlayzz,Germany
Yoshiya1997,
Yowaishi,
ZSleyer,Germany
Zehir,France
Zeptran,
ZeroDotNet,Argentina
Zhc123z,
Ziron,Sweden
Zocker1012,
Zuz666,
aLTeReGo-SWI,
aadfPT,
aaronntw,
abc14514,
abhi-maybe,
abnerzoe,
acesyde,France
acropod,
adRn-s,
adgan,
adibenc,Indonesia
adrianocarilo,
adrianwedd,Australia
aek975,
aelg305,
afonsojramos,Portugal
agdamsbo,Denmark
ahhl,
aiccucs,
aicynide,
ajcorrea,Brazil
ajtatum,United States
ajxcorrea,
ak-flash,
akalagov,Kazakhstan
akmzero,
akrigator,
alberttimmers,
alemuro,Spain
alex0tere,
alexander0042,
alexanderroese,
alexballow,France
alexdelprete,Italy
alexh3o,
alexmalinoshevsky,
alexneo2003,
alfredolvera,
aliebald,Germany
alinaqihassan,
aling-Tang,
almico,
alparo,
amaiman,
amandolo,Italy
amartirosyan,
amaysin,
amcort,
amineSAPFrance,France
amosyuen,
an0moly,
ananthb,India
anarkia47,
andre68723,Germany
andreas-bulling,
andresbautista,Italy
andrew-codechimp,United Kingdom
andrewalson,United States
andrewlewis426,United States
andrey-kovalev,Latvia
andygrunwald,Germany
andynbaker,
anggiaj,Indonesia
angristan,France
anipad,
ankushg,United States
antchagas,
anthurta,
antiops,
antoan12345,
antogerva,
antorimba,
antx-code,
anyezhe,
aorosora,
arbal,United States
ardemk,
ared469,
arpit-mehra,
artemave,France
arvin-chou,
asaez85,
ash286,
ashayh,
ashleyb58,
ashnikel,
asian-boyfriend,
aslabsalbeh,
atlonx,
atomragnar,
auanasgheps,Italy
austinmccalley,
autodeck,United Kingdom
aviadlevy,
axute,Germany
azerioxal,United States
b-0s,
b-k-a,
b4nd1t0,Italy
b52src,United States
baflo,
baiqianlover,
baj24,
balajtii,Hungary
balbee9,
baldarn,Italy
banditto9,
bartrumb,
bartwo,Belgium
basschipper,Netherlands
basuvi,
baudneo,
bb12ett,
bccostin,
bcutter,
bdittmer,United States
beesee78,
begemotik,
belliod,
benasse,
benceBalazs,Austria
benjaminrau,Germany
bennyx,
benricok,South Africa
beppe2k,
bergfalk,
berkovich98,
bes-r,Netherlands
bestnub,Germany
beyercenter,
bezigebever,
bgwolfe78,United States
biazzotto,Brazil
bichle-mechmaster,
big-jon,
bighippo999,
bigmoby,
bigsby-exe,United Kingdom
bilak,Czechia
bjackerman,United States
bkuri,Mexico
blackshoals,
blairun,
blendrik,
bleughb,
blounolito,
blowk,
bluemaex,Germany
bluesalt-labs,United States
bnbhat,Germany
boBylliB,
bobbyquantum,
bobloadmire,
boradwell,
boszme,
bounty123,
box-of-kittens,
boxcee,Germany
brendantay,Australia
brettmiller,United States
brewston,
brianalexander,
brunerm99,
brunoenten,Switzerland
brunokts,
bsefton12,Australia
buiiz,Ukraine
bukibalma,
burakbengi,Germany
bvidotto,
bwm-projects,Canada
bxg2019,
c0de-666,
c0nsaw,
c1c9k72,
c2po,
cacedo,
cahuete95,
calhoward,United States
calipzo,
calouis,
cameronkelley,
camilo-rojas,Colombia
canehan,
cannabarman,
cansoysal,
caraar12345,United Kingdom
carferrer,
carloscpda,Spain
carvan,
cat-inGlasses,
cblakecode,United States
cboehnke,
cbyt3,
ccallahan,United States
cdzombak,United States
cecet23,Italy
cecilchurms,
celynw,United Kingdom
ch4d1,Germany
charithmadhuranga,Sri Lanka
charlestephen,United States
chbmuc,
chen-ye,United States
chenweiwei123,
chiefcomm,
chikitai,United States
chongdy,
chrikodo,
chris24walsh,Ireland
chrisgrou,
chrisguen,
christarczon,
christianklauss,Germany
christoph00,
christophermichaelshaw,United States
cicishahita,
cipector,
circasurvivor55,
cirf,
cityeyes,
clempat,Germany
cletqui,Finland
cln-io,
cloogshizer,
cloudlena,Switzerland
clubxtc,
cndoit18,China
codenyte,
codesterd,United States
codifierr,India
codyc1515,New Zealand
coffeeknife,United States
coinzz,
comtel2000,Germany
conallob,Ireland
connorads,United Kingdom
continue47,
cook1emr,
coolcm,
costular,Spain
cpsancha,
craftyshaun,Australia
cramertj,
crazzyyfool,United Kingdom
cromulus,United States
croogie,Poland
cstamopo,
ctrlaltprocrastinate,
ctyfrank,
cuza,Cuba
cvladan,
cwmoriarty,
cyberjohn60,
cyda,Denmark
d4rwin,
dadge,
dadler,United States
dafunkydan,
dammro,
dan-ee,
dan81andrei,
danbruno,
danctrl,Germany
dannybloomfield,
danveitch76,
darcouk,
darianferrer,United Kingdom
dariusz-goc,
darkmyregaming,Australia
darylosu,Poland
daschubert,
dashrandom,
datbilling,
daubman,United States
dave-parsons,United States
davewatson91,Australia
dbotteicher,
dc911x,Belgium
dcgwalke,
dcossey014,
dd310,
ddavef,
ddcash,
ddias9256,
deepcoder,United States
deers,
degan6,
deku-m,
delsonlima,Brazil
dembach,Germany
denisfrench,
denisgolius,Ukraine
dennisjonda,Germany
dennisvandalen,Netherlands
denvernbd,
derailius,
dethpickle,United States
dev4jam,Australia
devchristof,France
devstuff,United States
dextersnp,
dgaus,
dgtlcopywrite,United States
diamant-x,Spain
digitie,
dijbi,
diliboy88,United Kingdom
dimaaan21,
dimafemabo,
dimmuboy,
dionifreitas,Brazil
django23,Netherlands
djk500,
djmpink,
djraw,Germany
dmanifold,
dmostert,
dnoggle,United States
dobrjaha,
doctorvanmartin,
dollannn,Sweden
dolm,
domgrimm,
donnycui,
dontpanic99,
donverse,
donwang-ux,
doomlordcn,
dougswro,
doul59,
dpeluso,Australia
dpolyakov,
drags4ck,
drcollatz,Germany
dronisuav,
drumstick93,
drunkdev1991,
dskaplan,
dstengele,Germany
dsx1123,United States
dtourde,France
dtrochow,
duckduckuk,United Kingdom
duhaijian,
dumbledorethor,
duydo,Viet Nam
dwainegallimore,United Kingdom
dykandDK,
dylankrish,United States
dzidza,
dzirambola,
e45cream,
eanavalentin,
ebertti,Brazil
echauvet,France
ecrfix,United States
eddgeywing,
eidetic-av,Australia
eisengrau,
elRadix,
elahd,United States
elcajon,Germany
elek,
elem74,Germany
elninosi,
elterko,Argentina
elzii,United States
elzoona,Argentina
emilgil,
engeir,Norway
enricodeleo,Italy
enter360,United States
eratnik,
erbanku,United States
ereenke,
ericb0x,
ericyew,
erikLundstedt,Sweden
ernierasta,Czechia
eroldan,
erwamartin,France
ettoreboy,
euneuneu,
evalevil,China
everconnectcn,
evertonerik,
evnb,United States
excodex,United Kingdom
eyeball29,
ezpl,Norway
fabianluque,
fabricionaweb,
facutopa,Argentina
farisrfp,Indonesia
fbloemhof,
fbsfernando,Brazil
fcamilleri,
fcastilloec,
fctgcoder,
fenteac,
fenyag7,
fermuch,
fernbrun,
fess1100,
filiphch,Belgium
fischer-felix,Germany
fisco,
fishter,
fjgalesloot,Netherlands
fkhofmann,Germany
flash608,
flaviolb,
fliphess,Netherlands
floralvikings,United States
florisvandesande,
flostingapplesauce,
flozi00,Germany
fmcglinn,Australia
forming,
forreggbor,
foundbobby,United States
fpschrisiom,
francisp2,
francoarendholz,Germany
frankkoornstra,Netherlands
frankythedog,
fransixles,Canada
fredleger,France
freechw,
froggy974,France
frostworx,
fuatakgun,
fullstackdelay,Germany
funar,United States
fune1,
fuslwusl,Germany
fynnkunz,
g0fish,United States
g4challenge,Austria
gabe565,United States
gabrielribbae,Chile
gael1980,
gaganpreet,
galaris,
gamcdonald123,
gaminglu-git,
gandhimaulik,India
gao410940747,
gaodaxiaya,
gasolin,"Taiwan, Province of China"
gazzaman22,
gbp,
gcurteanu,Romania
gdog05,
geleynse,
geniusboywonder,
gentslava,
geoffreylagaisse,Belgium
georgek42,
georgiasouthernbcilab,
gerbal,United States
gericho,
ghisch,
gieljnssns,Belgium
gigatexel,
giotec,
git-mdumont,
git-rafael,Brazil
glgghit,Italy
gli-james-roland,
glxzander,
gmariotti,Germany
gnusma,
goliat931,
gonghailink,
gooman69,
goooroooX,
gordy8211,
gouthamravee,
gpbicego,
greg6775,Germany
greyhound3,
grov,
gschmidl,
gstillo,
guandalf,Switzerland
guaychou,Indonesia
guidodipaolo,Argentina
gustavx404,Brazil
guywho-1981,
guzior-lps,
h3llrais3r,Belgium
h47e,
hAxxelS,
ha48653,
habuild,
hank-droid,
hankalf,
hans99,Sweden
hanscats,
hansidieter2020,Germany
haohaoluobo,
harrymnel,
haven-chen,
havrancek,
heinemannj,
hej-hk,
henkelmax,Germany
hermanops,
heronimus,Indonesia
hexandcube,Poland
hhalibo,
hiagocosta,
hieutr294,Viet Nam
hirenshah,
hkiloco,
hkrob,
hnaether,
hollow-frenk,Italy
hongshibao,Singapore
horizon0411,
hostand,Germany
house-waddell-casa,
hreikin,United Kingdom
huangyixinv,
hubikj,
hugobloem,United Kingdom
hujiayi0126,
hunterlong,United States
iWangJiaxiang,China
iXanderz,
iYUYUE,
iainp999,United Kingdom
ian-peng,
ianfabs,United States
icceey,China
idarius,
idcrook,United States
iezhkv,
ifeign,
ihrapsa,Romania
ikrowni,
ilariorizzi,Italy
imakira,
immenz,Germany
indig0fox,United States
irgendwer112,
irgendwer92,
itanandp,United States
ithamarkap,
itsRealEllis,
ivonulens,
ivuorinen,Finland
jTd7bPLFb,
jabastien,United States
jacamayo,Spain
jacintito,
jado,United States
jasonsf,
jayakumark,
jaydiesel,
jaym25,United States
jazzyisj,Canada
jbanik,
jbarriuso,
jbouwh,Netherlands
jbrandek,
jbstep,United States
jca1981,
jcat59,
jdaberkow,Germany
jdeath,
jdmcgee,
jeff89179,United States
jeromegoo,
jessicaengel451,
jetijeti,
jfields87,
jfroy,United States
jgoakley,United States
jimmyang1992,
jine,Sweden
jj-csg,
jkpe,United States
jlunz,Germany
jmbish04,
jmtramos,
joao-ribafeita,
joaolpinho,Portugal
jodfie,United States
joe2k9b,
joeck,
joetyson,United States
joh-kro,
johanbaaij,
john5du,
johnser,United States
johny-mnemonic,
jojolll,
jokalee,
jokarmus,Poland
jokob-sk,
jonaslang1,Germany
jonathanweinberg,
jonssonjunior94,
joostiphone,
jopacar1,
jordanauge,France
jordanlambrecht,United States
jorgoncalves,Portugal
jorkdekok,
josh-green,United Kingdom
josiah-eichelman,
jpombas,Portugal
jselande,
jsheputis,
jspanitz,
jsphoto,
jszbp,
juanitomaille,
juanruitina,Spain
jucallej,United Kingdom
judgejc,
judikdavid,Hungary
jussipu,
jvdeijnden,
jweingardt12,United States
k-wojcik,Poland
kabaumanis,
kaesekuchen32,
kalykulam,
kandongfang213,
karmacop,
kasztp,Hungary
katekyonni,
katta07,
kayserlein,Germany
kcbergmo,
kcm117,United States
keefey,Australia
keithcroshaw,
kelvinng1,
kenaner,
kennelbound,
kfrncs85,United States
khaled-nabil,Germany
kid941005,
kikuman,
kilian112233,
kipfel,
kitty99hub,Luxembourg
kk-sonata,
kkevinn114,
kkiper,
kkosik,
kongjudas,
kongxx75,
koto-games,
koutsie,Finland
kovlo,
krate95,
krauses,
krcha,
kszkristof,
kvakulo,Denmark
kvikindi,United Kingdom
kwetiaw-goreng,
kylehowells,
kylin7226,
kylinfedora,China
l-wysocki,
l0086020,
l0rdadam,
lagold27,
laincat,
lainie-ftw,
lakshanthad,Canada
lallinger-tech,Germany
laoto1234,
larry3,
laughedelic,Norway
lbouriez,Canada
lcnittl,Austria
ldec,
ldkdev,Viet Nam
le-pet,
lead0r,
legovaer,Belgium
legusha,
lehnerpat,
levvvy,
lexluthors,
lhimo,
lichenophile,
lillodipiazza,
linjianxangyu,
linust,
linyecheng,
linyuxuanlin,
litle-dragon,
ljsquare,
llabourdeth,
llewy,
llfjahn,
lmalmoreno,Brazil
lnrdmx,
lociii,Germany
loicCodes,
lonelyhentxi,China
loopion,France
lordzid,
lotohov,
lotusmaikel,
louispeckham,
lpd6375,Poland
lqf1206,
lt-laser,
luccajan,
lucidiousgibs,
lujia-gospel,
lukasMega,Slovakia
lukescarr,
lwestenberg,Netherlands
lxgxdx,
lyatam,
lypaser,
m-rey,Germany
m00nyONE,Germany
m1kethai,Canada
m23l,
m2sh,"Iran, Islamic Republic of"
m4rcSA,
mProwler,United States
mStrangers,
mabt,
macedobernardo,
maggle-swim,
malosaa,
manu7691,United States
manugratx,
mapeje,Sweden
marcetad,
marcoboers,Netherlands
marcodangelo,Italy
marcschraepler,Austria
marcusrbrown,
mareklab,
marevers,Germany
mariusvslprts,Germany
markist,
marlonqpa,
marto68,Australia
massun-onibakuchi,United States
mastria,Brazil
mathieudebieuvre,
matthew-hz,
matthewturk,United States
matthiasfaeth,
matthieudevipa,
mattjacobson6,
mattscomputers1,
maverick2041,
max5800,Germany
maxime1992,United Kingdom
maxzellner,
maygeisler,
maynoxx,
mbinks,
mccollege-au,Australia
mcflexus,Netherlands
mclala22,
mcmastermind,United States
md-ray,Indonesia
mdeweerd,France
meantsaki,Greece
mediaexplorer74,
mefisto22,
megawubs,Netherlands
meska,
methbkts,France
mevlutdemirbas,
mgeeky,Poland
mhdevlab,
miaomi9,
micha-dsk,
michael5411,Germany
michaelomm,Australia
michalgabor,
michelangelonz,
micsco,United Kingdom
miguelfrosa,
miguepollo,
mihai205,
mihsu81,
mikedrawback,United States
mikelykzit,
mikesplain,United States
mikirodro,
mikurumoe,
milkyway66,
mimainka,
mindogo1,
minmaxat,
miruoy,
misterdev,Italy
miumida,
mjendza,Poland
mking47,
mkroemer,
mkw432,
mlstanley,
mlykotom,Poland
mmz06,
mnex9191,
mnpeart,United States
moein805,"Iran, Islamic Republic of"
mohammedmulazada,Netherlands
mohammednafeel,
monocycler,
moonlight8978,Viet Nam
morganzion,France
mostdcoa,
mountwebs,Norway
moxuec,
mrafayaleem,Canada
mrahul17,India
mrhahn3000,Germany
mrschweizer,
mrsinham,France
mrueg,Germany
muCruiser,
mustafababil,Netherlands
mww,
mxwlf,United States
myAlterX,Portugal
mytire,United States
nacbooth,United Kingdom
najdias,Portugal
nalditopr,
naor1,Israel
nduest,Germany
nedsined,
neildotwilliams,
neilpercy,
neogrinch,
nepozs,Poland
netom4040,
networkpanic,Germany
neutropico,
nibblerrick,
nickrout,
nickstav571,
nicolas-christe,France
niekbruggeman,
nielsdB97,Netherlands
nightcat91,
nikawiwi,
niklaswa,Germany
nilava,India
nima-1102,
ninharp,
nkm8,United States
norbertomartins,
nordeep,
novisys,
noxhirsch,Germany
nperanzi,United States
nstrelow,Germany
nukleuz80,
nyakojiru,Spain
nyxover,France
oHTGo,Viet Nam
obamin,
ocramleznem,Germany
oddbytes,
oenu,Canada
ohboyants,
ohyeah521,
olicot,
olingphilo,
olivere99,
olofvndrhr,Switzerland
omgitsdango,
omski,
on7line,
onaries,"Korea, Republic of"
one1zero1one,Belgium
onewordpic,
onlineapps-cloud,
oraculix,
organicaudio,
originallgb,United Kingdom
oriionn,United States
orkunzozturk,
orphuz,Germany
orther,United States
otoyaos,
ourmansingh,
ovflowd,Germany
ozzey696,South Africa
p-8-z,
p0wertiger,Poland
pace6666,
pafnow,France
papafrank66,
papo-o,
parasav,
parttimeentrepreneur,
passionsfrucht,
paszczaq,Poland
patpadgett,United States
patrickcarmichael,United States
patricklucescu,
pax,
paxlo,
pbvdven,
pcoombe,Australia
pearcemm,
pecaxxl,
pedrol3001,Brazil
pedrolicassali,
pedrware,Portugal
peeetek,
pem884,United States
pepelatc,
pepparkvarn,
perfecblue,
pessom,Cyprus
petereysermans,Belgium
peterinhk,
pettersillander,
pfeerick,Australia
ph13t0n,
phgsbr,
philipp,United States
philou669,
phongvcao,
phutti,
pia2209,
pietervanh,Belgium
pietervanstee,
pilottijavier,
ping-localhost,
pixeye33,
pjolivon,
pkawalec91,
pkejval,Czechia
pldmgg,United States
pleaseproject,Canada
pmazz,Italy
pojlFDlxCOvZ4Kg8y1l4,
polison61,
portos29,
potelux,
pothirak,
poudenes,Netherlands
poupouproject,Canada
powerAn2020,
prankousky,Germany
prapador,Spain
prigal,
promofu,Singapore
propcoder,Lithuania
prottmann,
pssc,United Kingdom
ptbpa,
ptrsconsulting,
pubu,
pulimento,Philippines
punissuer,
pwcpp,
pxshh,
pynbbz,
pyrech,France
qadk,
qdominik,
qezzo,
qianc123,
quank1968,
quartzbear,
quirbiefe,
rJUUSO,
raphael1688,
rapjul,
raul811,
rawpie2,
raytedjaja,
rbaron,
rchamp26,
realav,
reaper7,Poland
red-avtovo,
red-centre,
reden87,Hungary
reid,United States
reinvanhaaren,Netherlands
remb0,Netherlands
renejr63,
retpolanne,Brazil
retr0bot,
rfearing,United States
rgomezgar,
richard-scott,
richardjm,United Kingdom
rickwilliams08,
rikardronnkvist,Sweden
rine77,
rj10rd,
rjbudke,United States
rjbutler,
rjgout,
rktr2009,
rmtsrc,
robertbak,
robertodigisi,Switzerland
roelreijneveld,Netherlands
rojuvi,
ronschaeffer,United Kingdom
rootforce,
rosenstand,Denmark
rpidanny,
rpimeekle,
rpitera,
rqmartins73,Portugal
rraihansaputra,Indonesia
rsbusby,United States
rschuiling,
rsocko,United States
rsstrene,
rstruminski,
rtizzy,United States
rtmlp,
rucas,United States
rvbg,Germany
rwagnervm,Brazil
s-e-t-h,United Kingdom
sachavg,
saddukar,
sahilanguralla,United States
salthepal,
salvadornico,Philippines
sambarlick,
sambhavbharvesh,
samzwiches,
sanandan,
sander76,Netherlands
sashamik,Germany
satletio1,
savino,
sblogoshs,Germany
scetu,
schealex,Germany
schmitzCatz,Germany
schmurtzm,
scooper1,
seanwoodward33,
sebj54,France
secnigma,
sedy89,
seebaer1976,Germany
seemeyah,
sensei73,
sghnsk,
shaonianzhentan,China
shiqixixixi,
shirou93,
shizlkazizl,
shocklateboy92,United States
shqr,United States
si458,
siaua,
silvertoes93,
simpan,Sweden
sirotkaslo,
skalingclouds,United States
skamaleo,
skipper00,
skylidefr,
skynet-network,
slimehands,
slimslickner,United States
slootsky,
slvoog,Saudi Arabia
smarthomelawyer,
smartmanru,
smartmints,
smit-io,
smkelly,United States
smlinux,
smogan,
snc,Germany
snikitin-de,
snoopyhaeckers,
sobczakm,
solidcake420,
soliys,
some-guy-23,
soololi,
sotiropoulos123,
sotnikov-link,
soulstyle,Sweden
sp0ok3r,
spa-sam,Ukraine
spaceychen,
spattinson,
spdzir24,
spencermamer,United States
sperglord8008s,
spf13,United States
spinecho31,
spoctoss,Canada
sprea75,
spuljko,
sqoerk-dev,
sreusr,
srwareham,
stDragon,
stagietek,Australia
starbuck93,United States
steef84,
stef-th,
stefangries,
stepping-razor,Czechia
stetho,United Kingdom
steve-gombos,United States
sti0,Germany
stoniwankenobii,
strpc,
stu1811,United States
stu92116,
stukk11,
stw914,Germany
sudo-shubham,India
suiciety,
sunshine-hass,
supersonical,
superyass,
sweetmeats83,United States
swegn,
sweisgerber,Germany
swerveshot,Netherlands
swiewiora,
swimly,
sycx2,Germany
szabinho,United Kingdom
szjzaq,
tadnir,
tadzu,
tafano85,
talltechdude,Australia
tanushshukla,United Kingdom
tarmets,
tasomaniac,Germany
tbrasser,Netherlands
tdn131,
tdubu,
tech2mar,Germany
tednilsen,Norway
tehaiks,Poland
teketemdn,
teknikqa,
tgmcpa,
thalesgmartins,Brazil
thatsthat,
the-MetalBox,
theg1nger,
theoneandonly-zh,
thesnake210,
thetitox,
thewolfman56,
thibaultmol,Belgium
thimslugga,United States
thinktip,
thomaslian,Norway
thor0215,
threnard,
tibonou,
tigroff,
tillmannschatz,Germany
tim-frensch,
timTam97,Australia
timgreen,Australia
timvy,
tingles2233,
tiredofit,Canada
tismofied,
tkdrob,United States
tlj1899,
tmcarr,United States
tmeuze,United States
toe7685,United States
tolster710,
tomtom215,
tonka3000,Austria
tonyho,China
toot,
torb75,
toshi38,
travail2402,
trevormcclellan,United States
tripatheea,United States
tuantuansun,United States
tufand,
tuffelh,
turdfurgeson78,
tutorempire,
tvytrykush,
txitxo0,
tyjtyj,
tylerbenson,
tylerdh12,United States
tzoyiing,
uddinkayyum,India
uefik,
ujaehrig,Germany
ulf78,
unibeck,
unrly,
urkman5000,
urtaevS,
ustoopia,Netherlands
ustsv,
v1k70rk4,Hungary
vandyckruben,
vanessa,Brazil
vantuh,Ukraine
vanyasem,
vardash,
vchkhr,Ukraine
veracsz,
verstrepeng,Belgium
vespexx,
vetcher,
vikavorkin,Israel
vlad36N,United States
vortexua,
vova-musin,
vova9,Belarus
vries2k,
w00dst0ck,Germany
w10devheh,
waako,
walduino,
wangjiezhe,China
warbringer,
wardbeyens,Belgium
warkurre86,
warthurton,United States
wasteofusername,United States
waterfowldaze,
wb4608328,
wbrickner,United States
wedone,
weezheng,
weilin-zhao,
weisserd,Germany
wendevlin,Austria
wendigo,Poland
wenfa1999,China
wesky93,
wesleygas,
wfa001,
wfurphy,Australia
whc2001,United States
wheeeyeyeye,
wickedst,United Kingdom
wile-e1,Canada
williamcorsel,Netherlands
willnewcombe,
wimb0,
witold-gren,Poland
worgarside,United Kingdom
wq369641177,
wrager,
wrkn4alivn,
wuchengji2046,
wutaisu,
wuub,Poland
wuxinghongqixiadexiaoshumiao,
x0rium,
x1991410d,
xPakrikx,
xeberth,
xingfeng7788,
xl0rnx,Germany
xneo1,Greece
xz0609,
yNic0,
yanghuatjy,
yannpub,
ycardon,France
yfranke,
yg44g,
yingfengstar,
yogitea,
yonis37,
yoshimo,
yoswa,Netherlands
ysqspdk,
ytjhai,United States
ytwanghaoyu,China
yukulehe,
yuriydetsyk,Ukraine
yyll2233,
z2833,
z307917424,
zachgilliam,United States
zanyraspi,
zdaar,
zerafachris,
zhenzhenfish,
zhouyoukang,
ziQzav,
zonorti,Germany
zr-idt,
zweehn,
zymotik,Germany
